Feature_1,Feature_2,Feature_3,Feature_4,Feature_5,Feature_6,Feature_7,Feature_8,Target
37.454011884736246,16,A,49.65315112613219,217.44913865164273,True,0.9693236433199542,6,1
95.07143064099162,8,C,52.342147325365204,498.45989515093015,True,0.22478503258578506,3,1
73.1993941811405,32,C,65.50500492814076,217.33416829891,True,0.5027545216901969,0,0
59.86584841970366,19,D,40.016459592612094,408.51056865756595,False,0.04025916636576021,1,1
15.601864044243651,12,A,59.843223984765835,495.10367757902407,True,0.6453976290435796,4,1
15.599452033620265,27,B,47.86011155774491,271.75403126477767,True,0.7831256837529745,3,0
5.8083612168199465,47,C,49.50536290347567,242.67481060615884,False,0.2584466054589457,4,0
86.61761457749351,28,B,56.74819492166604,236.41548182672867,True,3.3250379718997767,2,0
60.11150117432088,12,B,38.772779784377015,290.98254427027865,True,2.401904017398643,2,1
70.80725777960456,45,C,53.82409746184051,230.313743303194,False,1.280649533523795,4,1
2.0584494295802447,34,B,51.66452208213056,407.64840250823954,False,0.7622542630659325,4,1
96.99098521619943,5,C,54.92451264008149,218.6875394390188,False,2.0399836231826205,1,1
83.24426408004217,17,B,52.89168643907818,352.8266384449369,False,0.14001216907623093,2,1
21.233911067827616,4,C,74.55300139910895,499.00905615589306,True,1.5630782914282348,4,1
18.182496720710063,46,A,43.62260015748684,444.1910808518056,True,0.13332662955202385,2,0
18.34045098534338,24,D,44.690030449981826,384.56583146930325,False,1.5809022671741686,3,0
30.42422429595377,1,C,43.76859473575236,291.8760862359835,False,0.32264289979134264,5,1
52.475643163223786,9,C,44.44522880839745,387.16875088749157,True,2.096307625950449,2,1
43.194501864211574,29,D,43.62612872693482,358.1124391734955,False,2.8831555463501637,2,1
29.122914019804192,49,C,61.89016531107552,327.8250151671115,True,0.16110342521460957,2,1
61.18528947223795,44,C,64.20504247989855,239.21311302205984,False,0.6211532794591166,2,1
13.949386065204184,4,B,44.29253706250524,465.98126457214,True,3.962652213142971,4,0
29.214464853521815,32,D,41.67644426895771,334.93539464639673,False,0.6605007924873811,2,0
36.63618432936917,0,A,54.71415556386404,258.3867535462295,False,1.9917788752652126,2,1
45.606998421703594,17,C,44.477769557190285,310.32780526318686,True,0.8885090469242499,3,0
78.51759613930136,31,D,56.32931817755511,324.2389257586781,False,0.4705316212803642,2,1
19.967378215835975,46,B,52.029230208513,448.2613686700623,True,0.3365692190600759,2,1
51.42344384136116,48,A,34.84255885002768,420.08431416842063,True,0.22718055290838637,2,1
59.24145688620425,10,D,65.47505201330061,430.79146809240194,True,1.4346370292169555,5,0
4.645041271999773,20,A,67.95877673095522,203.30937932859416,True,0.4886410428023759,4,0
60.75448519014384,25,A,43.87211309515614,324.8461994539284,True,0.7159562656140621,4,1
17.052412368729154,24,A,46.122984400640156,344.4032454905971,False,0.6779147454089091,4,0
6.505159298527952,21,C,52.85865390724905,205.757683046917,False,0.8610429611735501,4,0
94.88855372533332,26,C,53.34456789987025,277.9439626235103,True,2.006764817913147,4,1
96.56320330745594,48,B,56.5854427267283,428.0869469366405,False,3.9496907913356827,0,0
80.83973481164611,12,B,70.1020453876635,241.13291171869972,True,0.5235465402486669,1,0
30.46137691733707,32,D,48.2305277250595,360.5930394357775,False,1.7574677418973532,4,1
9.767211400638388,33,B,42.01702755461546,264.56056160517124,False,1.4461623965025863,1,1
68.42330265121569,40,A,36.20680771985473,203.63623239316797,False,0.8522107958446627,4,0
44.01524937396013,34,A,42.69069960058081,272.3604372798624,False,3.124637665197935,1,1
12.203823484477883,0,C,49.66873027126203,492.7621264730161,True,0.22373687170445014,2,0
49.51769101112702,20,A,67.94557863517788,440.46113356489684,True,0.11570742781976451,2,1
3.4388521115218396,47,D,44.823887009638284,487.87299329631,False,1.923888190892786,1,1
90.9320402078782,5,A,52.237879516388986,346.3562131779087,False,0.5783014619474764,4,1
25.87799816000169,27,A,49.83577103927248,232.92085960325105,True,1.8771138110325931,7,1
66.2522284353982,16,D,61.88393273448084,364.3878466921079,False,2.235769839287117,3,0
31.171107608941096,4,B,75.26932425873622,336.31320036798826,True,0.0644932886875834,4,1
52.00680211778108,30,B,44.69131227079679,453.3071248218848,True,2.149561588070323,5,1
54.67102793432797,4,D,45.10560557481778,229.4247742352734,True,0.5947853986684247,3,1
18.485445552552704,37,C,60.44160877069072,346.47234110653346,False,0.7142329082461057,2,0
96.95846277645586,2,A,56.81891489626312,245.0145994081953,True,0.9850849920853021,3,0
77.51328233611146,22,D,68.46707325736034,297.402778067018,False,2.6088739595647756,2,1
93.9498941564189,36,A,55.839281853259635,421.20712321633994,True,0.019301169365585843,2,1
89.48273504276489,36,C,46.40707909212941,342.80543881063,False,0.6478745639378233,4,1
59.78999788110851,9,A,55.90654830692309,312.7664855437308,False,1.1638615981336584,1,1
92.18742350231169,9,D,61.087035805829075,318.3428835710106,False,1.2826804175451045,5,1
8.84925020519195,18,A,58.204821811973645,337.83403052179597,True,1.179385665711108,2,1
19.59828624191452,16,B,55.07274031107298,435.50496315111707,True,0.14437295559530933,3,0
4.522728891053807,20,C,60.666746895891535,467.6254066820703,False,0.35581187130977404,6,1
32.53303307632643,13,C,61.692955904456724,486.60040595117846,False,0.4442821224093347,3,1
38.8677289689482,8,C,63.82158991037527,436.0710158765885,False,1.6318737627865214,3,1
27.134903177389592,45,D,56.48709887589643,294.6220687244038,True,0.326783149176632,7,1
82.87375091519293,0,C,48.328819196831454,406.44041182596266,True,0.23661509123624855,3,1
35.67533266935893,44,B,51.46713686433323,331.2809372166176,True,3.1570288689500083,1,1
28.093450968738075,12,D,62.06508966508357,276.40118661381536,True,0.008902797672285237,0,0
54.26960831582485,3,B,41.83064329012764,452.2614738277768,False,6.128822993904087,3,0
14.092422497476264,0,A,53.686733088729014,211.5279046886975,False,1.1295498544367533,1,0
80.21969807540397,48,A,46.06661187672639,470.5285976406271,True,1.76299301643837,2,0
7.455064367977082,39,A,50.28744822934817,338.44323938742025,True,0.3490177585049206,1,0
98.68869366005173,31,A,62.78451862607299,391.16044304248413,False,0.014418729738011522,3,0
77.22447692966574,33,B,51.910990680199035,397.8061766617348,True,1.3389128784347004,1,1
19.87156815341724,27,D,50.46436548156149,468.53532221196093,True,1.7966389364934008,2,1
0.5522117123602399,30,D,36.40143859020081,391.00090465016217,True,1.348906603548094,4,1
81.54614284548342,7,C,57.46253566027221,384.18007542801854,True,0.1541426817102217,3,1
70.68573438476172,38,B,56.45484181141075,219.995612168207,True,1.400100923604254,4,1
72.90071680409874,25,A,71.6325472330546,355.52240658356124,True,1.4650033477280164,2,1
77.12703466859458,33,B,46.92221765046999,245.0507002451125,False,1.074526247331881,2,0
7.4044651734090365,2,C,52.19150327663939,421.23013061644565,True,1.4529297256924132,3,1
35.84657285442726,49,C,52.49383683710755,353.66657624380235,True,1.870292674678805,1,0
11.586905952512971,11,B,65.77453279763475,404.068333762506,False,0.9508928243129304,2,0
86.31034258755935,0,B,49.047044676130476,212.5018701807153,False,0.09277857239491574,4,1
62.329812682755794,43,B,52.790215257703395,225.43760481374096,False,0.6687039837876222,6,1
33.08980248526492,4,D,56.078965097165394,414.8970164188047,True,0.08082979657432533,4,1
6.355835028602364,29,A,51.86609123156358,221.625300799602,False,0.5234770348253353,1,1
31.09823217156622,29,B,45.535663854494715,221.3770183295776,True,0.5227404730506311,4,1
32.518332202674706,16,B,51.94089992898308,203.63254257046623,True,0.06828938057355076,4,1
72.96061783380641,47,B,60.73631749859772,486.950419489844,True,0.4289699972993807,1,1
63.75574713552131,46,C,39.7348470058894,421.25250783770207,False,0.11765590487807251,5,0
88.72127425763266,22,C,51.32969674146876,305.9754225506192,False,1.6514857100754803,2,1
47.22149251619493,14,D,42.99879185060827,288.96067438629655,False,2.9505299850619986,1,1
11.959424593830171,36,A,61.950466289248425,304.91096892375487,False,0.07506463373245577,4,0
71.3244787222995,20,D,34.76813095216225,432.3960593543545,False,3.1036562340686857,3,1
76.07850486168974,13,A,44.410781527284115,398.4111833211243,True,0.7393515493887611,3,1
56.127719756949624,1,C,53.772118750645205,255.5586703602404,True,0.35605467627860204,6,0
77.0967179954561,10,C,65.65524029234341,252.2328006002253,True,0.07997662473957208,4,1
49.379559636439076,38,C,49.34249738927012,229.5186949140192,True,0.6943964967713936,9,1
52.27328293819941,37,D,44.44800473306802,398.09081591040143,False,1.5823848901976179,3,1
42.75410183585496,33,B,68.8115706944059,429.31179866652076,False,1.2278778577836498,2,1
2.541912674409519,37,B,35.51986099583756,279.5139284975012,True,0.05153122949604646,3,1
10.789142699330444,49,C,28.011940433799182,206.28348830927385,False,0.07569582405825248,2,1
3.142918568673425,33,B,54.40014450053332,224.6515002429282,False,0.5156259312160877,5,0
63.64104112637804,17,B,44.97945775647389,490.35801045350917,True,0.349969609380049,4,1
31.435598107632668,29,D,39.787671828692865,288.6334332432261,True,0.2644660917325595,3,1
50.85706911647028,14,A,57.08356447299353,430.7669443514401,False,0.3299001784555116,5,0
90.7566473926093,26,C,52.43800713771199,387.39907065627915,False,1.627005031156716,3,0
24.929222914887493,33,C,44.359213692632714,314.58189189586875,True,2.648292594543428,1,1
41.038292303562976,37,D,37.19695601329106,261.70617865866654,True,0.5193664841775336,3,0
75.55511385430486,32,D,58.724573282801444,236.41592544782193,True,2.3656420682428903,7,1
22.879816549162246,23,B,56.50201177958661,384.50389041166,False,0.38786446405724956,3,1
7.697990982879299,14,C,49.00824136220617,432.3901341913364,True,0.6470978859895242,2,0
28.9751452913768,29,A,68.46636996047665,393.1712760623392,True,0.2562208709727886,5,1
16.122128725400444,41,D,39.29915233673847,359.0906399747475,False,1.0229744619715446,2,1
92.96976523425731,16,A,34.74474829075261,212.58536702949087,False,3.8623339679763222,4,0
80.8120379564417,4,A,43.080919301187556,490.54663327831514,False,0.925061825810096,1,0
63.34037565104234,28,C,49.54413983644502,439.6142574963724,False,0.44287742860668416,3,0
87.14605901877177,3,C,52.43339449322692,287.8466110102894,False,1.0436056184754838,8,0
80.36720768991145,9,D,47.5876394214367,493.9910988076552,True,0.13115784425231067,3,1
18.657005888603585,16,C,53.520553965142966,380.56447689089663,True,2.1951584356663063,5,0
89.25589984899777,9,C,37.48460575809556,374.726797462174,False,0.6993341822032346,6,0
53.93422419156507,16,C,64.4376460407326,424.4219538288596,False,0.5966554119061018,5,0
80.74401551640625,19,A,49.178488216074314,443.5309364270413,False,0.8815627605399604,4,0
89.60912999234932,23,D,61.172958315881274,396.9435821994508,False,0.980253053151827,3,0
31.800347497186387,4,B,53.42725346377704,238.42872390986003,False,0.07448198725566497,4,1
11.005192452767677,33,A,54.567532191537836,301.4802517983495,True,1.14764672952438,0,0
22.793516254194166,5,C,55.69767280232204,478.4250920978149,True,0.27698176589151047,8,1
42.71077886262563,1,A,54.47708560017315,267.3846835531556,True,1.2515978612695335,2,0
81.80147659224932,12,C,56.42722759867544,311.650107151254,True,1.728980713981719,4,0
86.07305832563435,42,C,63.29152530132431,329.6230648832588,False,1.6294289459954794,0,0
0.6952130531190703,42,A,51.9652116970147,331.8214969083357,True,0.8040809030749025,1,0
51.07473025775657,47,D,57.09003757588512,383.88187474835763,False,0.7343231800466302,7,0
41.7411003148779,10,C,49.102643057127736,482.9227513234123,False,0.1541726349642509,4,0
22.210781047073024,46,D,64.40117215449473,272.2078135497515,False,1.4931945076374282,5,0
11.98653673336828,22,B,43.2360769794073,236.4504128902754,True,0.3166432691086065,1,0
33.7615171403628,15,C,68.00940432910815,259.2411469579812,False,0.6865597708997226,5,1
94.29097039125192,30,D,49.59842049355657,466.07747006278083,True,0.3344579966637421,1,0
32.320293202075526,10,D,35.69224897881952,393.74324379656184,True,0.14367219490729619,2,1
51.87906217433661,15,B,51.28104414910789,285.77203677174805,False,0.9930575734759224,1,0
70.30189588951778,7,D,43.18948342525119,444.78408169058514,False,0.05586375972591637,4,1
36.3629602379294,3,D,58.406435489887244,458.4109989090308,False,1.3808899279180804,3,0
97.17820827209607,39,B,43.47376020697609,453.9543016070834,True,0.38211993255389654,1,0
96.24472949421113,3,C,45.538165667852205,475.67796009186634,False,0.0001347020764026737,3,0
25.178229582536417,24,D,31.104592690544692,275.6723060520085,True,0.7156569128044452,2,1
49.72485058923854,2,D,45.47693680750923,426.5125786238835,False,0.04798499236125218,2,1
30.087830981676966,31,D,25.761206733710434,338.161849182242,False,0.3231981099097797,1,1
28.484049437746762,2,A,34.16097176514277,452.59956586701844,True,1.2275024255933231,3,1
3.6886947354532795,26,B,57.604146561442974,418.54720314848396,True,0.06474080465882678,2,0
60.956433397989684,28,A,57.85800158650832,432.93423394991737,True,1.8284555642147864,3,0
50.26790232288615,31,B,54.254575617849646,396.84855130432146,True,0.003827237196396057,3,0
5.147875124998935,49,C,40.33023856870787,253.22863084091205,True,0.2834561730914955,5,1
27.864646423661142,18,C,49.5228864385802,363.5080756690815,True,1.3505568463111042,6,0
90.82658859666537,20,D,49.963974609094315,495.40092185735244,False,0.3801923951197497,3,1
23.95618906669724,4,B,38.416353108074574,481.2164199491357,False,0.10746538274379351,5,1
14.48948720912231,17,C,65.0339830176715,212.9521207391035,True,0.446652667564808,2,1
48.9452760277563,27,B,58.77362290575671,249.44444471883114,False,0.31524963848875603,2,1
98.56504541106007,41,C,47.79035826170336,239.51863203636856,True,1.8496761371370292,4,1
24.20552715115004,21,A,50.26885838994531,417.79397299558866,False,0.37592754529383976,3,0
67.21355474058785,20,C,52.08382807947552,445.33559895708356,False,1.5555771577313506,2,1
76.16196153287176,5,A,29.582651315757094,264.05340989320155,True,2.2244409077040284,1,1
23.763754399239968,0,C,47.52822617479403,351.75580788554873,True,0.5688386725432963,5,0
72.82163486118596,4,D,43.180157520022014,452.21090840336,True,2.4073140731611966,3,1
36.77831327192532,40,A,39.983799901050844,419.8404634298752,False,0.47371941055951605,4,1
63.23058305935795,11,C,47.18899707114045,362.6711616475545,True,3.326416952168716,1,0
63.35297107608947,25,D,67.97686526849523,377.10430713763185,False,0.09353024181236151,3,0
53.57746840747585,45,A,56.4084286126701,352.508164074884,True,1.1616136446599883,4,0
9.02897700544083,33,D,44.28821010217203,289.2645353956462,False,0.6808511682311532,2,1
83.5302495589238,48,B,55.72582781356159,369.50659785770483,False,0.4904493137625131,2,0
32.07800649717358,13,B,63.99355436586002,406.6655906150272,True,1.0016086674053277,2,0
18.651851039985424,25,A,59.246336829127685,461.9968747582423,False,1.2169131426351243,4,0
4.077514155476392,44,C,50.59630369920174,390.8874061937744,False,0.0043728164917464125,5,1
59.08929431882418,26,A,43.53063222294426,428.3364611129474,True,0.182665322371209,2,0
67.75643618422824,8,D,56.982233136135896,248.0214904863719,False,1.2484335312686663,2,1
1.6587828927856152,25,C,53.934853854217494,338.467242325937,True,1.0977688851674723,4,1
51.2093058299281,46,B,58.95193220027733,202.799485948128,True,3.3827929410405413,0,0
22.649577519793795,21,C,56.351718016819696,274.0036593564869,True,1.4314498577567405,3,1
64.51727904094498,46,B,60.49552715319335,417.9385145339014,True,3.011307088376879,0,1
17.436642900499145,29,C,44.64764788439432,497.54298540480903,False,1.2124772028770874,2,0
69.09377381024659,42,C,63.173940656343255,229.75342987616477,False,0.35389624900326483,2,1
38.67353463005374,47,C,51.975996046923996,320.4482947583865,False,0.1113393782120359,1,0
93.67299887367345,16,D,70.75260872625265,440.02129060974784,True,1.5224525761144807,4,1
13.752094414599325,25,D,43.10812181910432,261.21069038866966,False,1.033243797452025,5,1
34.10663510502585,35,A,67.3596380316525,366.5254847906859,False,0.04938565445154199,1,0
11.347352124058908,0,A,51.979107834626475,419.9213888089024,True,0.4463659587077571,4,0
92.46936182785628,7,B,43.48581996385552,384.7956350780537,True,3.1419105125441145,0,1
87.7339353380981,48,D,45.16114165945678,256.40742038462486,False,0.6939497939883504,6,1
25.79416277151556,34,B,46.7965269180568,306.6153706057218,True,0.566918375072549,5,0
65.99840460341791,14,A,54.241659464019165,435.1375353456192,True,0.6119351970499989,1,1
81.72222002012158,46,B,55.228354880355,366.267954239605,True,0.2343090592525958,5,1
55.52008115994623,21,A,44.26299996061421,201.56888406287382,True,0.45998545255917017,1,1
52.965057835600646,13,D,49.756454077390174,428.2972280084282,False,0.4617390844520374,4,1
24.18522909004517,25,C,71.42270358611864,210.5934064820717,True,0.05377534073609781,2,0
9.310276780589922,27,D,67.27543170100711,423.7201348193696,True,1.4591559716130498,1,0
89.72157579533267,22,B,54.36323669674032,260.7441680495712,True,0.5387184226637698,3,0
90.04180571633304,13,B,50.380034781682,487.42204403581405,True,1.726982839782898,3,0
63.31014572732679,23,D,51.200313267182615,310.3822253906253,True,1.8994426877388573,6,0
33.90297910487007,1,D,56.13517972730416,298.0794849014237,True,0.23824964435406248,0,0
34.92095746126609,44,A,39.77207434801595,244.6664150997334,True,1.0710559234713095,3,1
72.59556788702393,25,B,47.42623462576655,291.6812646470645,True,0.6391928577607432,5,0
89.71102599525771,13,B,33.314159261224106,462.99522854846015,False,2.12157053930236,1,1
88.70864242651173,6,D,53.992231226052795,498.9003012881742,True,0.24301554696629724,3,1
77.98755458576238,2,C,56.47195939702741,310.4928591520545,False,1.1326237783834447,4,1
64.20316461542878,46,B,45.16813537700626,334.58318928636277,True,0.9358612978430901,2,0
8.413996499504883,22,C,65.73986763290033,416.62128146082114,True,0.349985195390159,3,1
16.162871409461378,45,D,37.74234336997659,465.85873413952237,True,0.14687824248068754,7,0
89.85541885270793,42,D,35.3562511979018,377.91330025603526,True,1.0545181635854284,1,1
60.642905965958995,46,A,52.24451818559972,317.4577094533488,False,1.341693753785471,3,1
0.9197051616629648,44,B,60.470983026121544,323.78655225458715,True,0.37925269066017675,3,0
10.147154286603211,17,C,66.83927691457869,408.68544394904205,True,1.0351660626804982,1,1
66.35017691080559,37,A,45.4111573713106,200.9654790812836,False,0.5027432205813674,1,1
0.5061583846218687,34,B,60.78680833431296,385.87680123795224,False,1.2489941708327505,2,1
16.080805141749867,14,A,49.61491530499293,306.64790313240724,True,0.222163125706071,2,1
54.87337893665861,24,D,48.273727000591805,438.2591993831253,False,2.2092313952729916,6,0
69.18951976926932,36,B,58.83659937486672,227.89719194693964,False,0.33884849273461876,1,1
65.19612595026005,27,A,56.5232287841342,376.46068008451715,False,0.45852731518833895,3,1
22.42693094605598,9,A,34.236078430157505,344.29186696583713,True,0.05984762284370609,3,0
71.2179221347536,38,C,64.76540349725896,392.69765777156823,True,0.11823437635671136,4,1
23.724908749680008,16,A,63.800913541474515,219.4560783448905,True,0.7253850879884061,2,1
32.539969815926774,38,B,43.74437298490471,373.9951362284394,False,0.3114184672257246,3,1
74.64914051180241,21,B,53.95803533437409,368.4453763878571,True,1.8047245077470062,4,1
64.96328990472146,25,C,54.94030186282739,368.1980283248513,False,0.014802405694441707,2,0
84.9223410494178,43,B,52.60673765823907,381.0462999789364,True,0.47657565565470716,3,1
65.76128923003434,24,D,44.4969484615458,402.94038116790864,True,0.411501611341643,2,0
56.830860333547164,16,B,43.283766320619485,441.4966999042309,False,0.019516851669877114,4,1
9.367476782809248,12,B,49.744459290085544,280.9462160384643,True,0.1328098233045887,1,1
36.77158030594335,19,A,61.72729019259364,447.5148230540186,False,0.5338259054757455,3,1
26.520236768172545,24,A,55.43600154594432,349.47670467903606,False,0.678977219233992,5,0
24.398964337908357,3,B,46.29385667913894,223.11748374029935,True,0.5180008832397219,2,1
97.30105547524455,9,C,57.716987106483444,217.56527877319377,False,0.7570196375133226,4,1
39.30977246667604,2,A,21.514573793699245,300.2714956088182,True,0.9041933879635168,2,0
89.20465551771133,40,C,61.48765700372103,435.46909313344025,True,0.009973390458152718,1,0
63.11386259972629,44,B,32.60286221221901,412.3042804222747,False,0.6237986699666189,3,0
79.48113035416485,17,B,46.37559058596868,436.58448940172195,True,3.310422221009638,4,0
50.26370931051921,46,D,38.803301053738565,355.1807169324828,False,0.7319551215848256,7,1
57.69038846263591,35,A,37.053185242790946,332.05969938664714,True,1.1317832132238965,4,1
49.25176938188639,46,B,61.608267873785195,244.2357580118852,True,0.37376857968988036,6,1
19.52429877980445,21,D,45.32298798688109,298.4578260827935,True,1.4871821306709976,4,1
72.24521152615053,33,A,53.46503881730716,330.2058098521626,True,1.48245942648968,1,0
28.07723624408558,46,B,49.53079421120816,226.58012890388517,True,0.7366729262027566,1,1
2.431596643145384,7,B,54.770408272231215,266.1835858133634,False,3.7302775845358447,7,1
64.54722959071678,39,A,50.768218910602556,379.46758821912164,False,0.1341604072843749,4,1
17.711067940704893,48,A,37.1700777581143,420.6989342717569,False,0.0170929200584672,3,1
94.04585843529144,43,A,59.9626681944714,499.5042534178849,False,1.4703640839597827,3,0
95.39285770025873,18,B,45.06243416838687,479.9339994030673,False,1.6458713080659462,3,1
91.48643902204485,41,B,34.434181013402494,392.7695598605575,False,0.12806888687847065,3,1
37.01587002554444,40,D,45.718848390340874,326.3744159882216,True,0.30867806434803485,1,1
1.5456616528867428,36,C,65.00759790634311,390.8532094124698,True,0.017708232706465002,1,0
92.83185625877253,5,A,58.50221742113493,435.6954854240696,False,0.3471612158516566,3,0
42.81841483173143,25,B,46.51347865592141,235.5008572770162,False,1.483430452128112,0,1
96.66548190436696,33,B,46.50742295681571,322.97146690888644,True,0.72972927557207,3,1
96.36199770892529,44,A,46.783649487826175,451.9406856906852,True,0.4278573430933416,3,1
85.300945546736,5,C,70.76747983560841,315.1498855799132,True,0.4648000631593654,0,0
29.444889206958567,36,A,53.819354522315535,371.561681368156,False,0.0013545426943478147,2,1
38.50977286019253,32,C,54.300416471910694,376.33080825865943,False,0.35639002391120705,1,1
85.11366715168569,21,B,60.30283454031842,255.3428759400918,False,1.0397550865605174,2,1
31.692200515627768,20,C,52.387891590265134,308.6706324956865,True,3.6571654542851797,4,0
16.94927466860925,5,D,47.40957854179297,300.35338662257965,True,1.8777149986246913,4,1
55.68012624583501,5,B,48.03650150915022,207.85901255961943,False,0.0238777834155165,1,1
93.6154774160781,47,D,49.283987405859364,207.25752916740657,False,2.288293749222259,3,0
69.6029796674973,3,A,49.627777634901584,449.50911310273204,True,1.5287726907101524,3,0
57.0061170089365,29,A,57.2762954363698,281.9212429918437,True,1.5158388483489995,2,1
9.717649377076853,10,A,50.519458858072994,355.4236298716446,True,0.612481452856446,2,0
61.500722669916975,29,C,57.32640077215579,289.61767207663195,True,0.5075066259951957,3,1
99.00538501042632,30,B,49.19283419891418,482.20377353460213,False,0.36084896998231303,2,0
14.008401523652402,23,A,50.786351903160906,277.78902765973214,True,0.06795219063427087,3,0
51.832965236373674,8,A,30.017993154678923,328.89704382168054,True,0.2590756504330275,2,1
87.73730719279554,2,B,59.16327674702482,461.81907514538057,True,0.2831638085009333,1,1
74.07686177542044,30,A,53.46488475897993,452.58007003754255,False,0.661797884559367,0,1
69.7015740995268,39,D,59.98010109859652,255.8304253538832,False,1.3761238826067157,3,0
70.24840839871092,36,B,21.037446218063106,440.79299293871316,True,0.6420925886156549,4,1
35.94911512197552,35,B,70.88374704780728,337.4560660213678,True,0.05958489006248408,4,1
29.359184426449335,23,B,48.604103718448265,344.8906616256065,True,3.1650934043967567,3,1
80.93611554785136,30,D,61.081828167375164,240.04399172478313,False,2.8598791623520436,3,1
81.01133946791808,5,B,39.60094072874469,224.1804541271374,False,1.5379992357279177,6,1
86.70723185801037,1,D,56.1277390506257,418.38179209212956,False,4.747644483359943,4,0
91.32405525564712,19,B,39.46584436826344,348.9383457065899,True,0.7863207766462897,4,1
51.13423988609378,27,C,43.76231039304195,331.0552107845539,False,3.2905960797829,5,1
50.15162946871996,10,A,69.14031353866787,418.852468595719,True,0.07861585344916983,1,0
79.82951789667752,3,C,48.09317599236653,429.65386969733294,True,0.45520289964627686,4,1
64.99639307777652,14,A,52.17432873179723,247.67245030080608,True,0.25538432939859107,2,1
70.19668772577033,5,D,58.70067730688754,383.06754484329235,False,0.2179484245523082,4,1
79.57926694361011,48,C,54.95681887972604,240.60622468330564,True,0.151756987371085,5,1
89.00053418175663,29,B,51.504189051435766,425.41252580871367,False,0.9739559723919811,2,1
33.79951568515358,37,A,53.64961002466225,397.0865468801419,False,1.5201542911231598,4,0
37.5582952639944,1,A,74.03415585238275,486.9843863250374,True,0.8634573226958268,1,0
9.3981939840869,14,C,49.42381202966415,220.68740490692636,True,0.15895201566782516,2,0
57.8280140996174,10,D,52.010990467149675,217.1164163453763,False,1.6666633458146543,4,1
3.5942273796742086,7,C,60.50654396007612,284.65612240796,True,1.010476988217397,1,0
46.55980181324602,25,D,61.05525932957984,278.5117051207718,False,0.49129379477778085,1,1
54.26446347075766,44,D,61.8703030556038,274.09363972159997,True,1.121257657067068,0,1
28.65412521282844,43,A,56.38730222029184,471.876374156311,False,0.3009766945987171,3,1
59.08332605690107,4,C,38.569950872695166,274.8638599548518,False,0.42341353449396285,3,0
3.050024993904943,5,C,66.33431532301096,281.5849178385893,False,2.4947854019627047,4,0
3.7348188749214417,25,D,38.53654606981312,427.8194787253891,False,0.343201132890464,2,0
82.26005606596583,3,C,53.02635465239033,334.921952735162,True,0.6348561371298942,3,1
36.019064141126286,18,B,42.45724149980642,433.0131670865544,True,2.2085588042617506,6,0
12.706051265188478,19,B,49.35861653407007,219.60984726931557,False,1.2300476518437322,2,1
52.224326005480435,32,C,53.2876241030348,346.27135810201526,False,0.06422201247407275,2,0
76.99935530986109,19,C,53.21357215450273,210.08408005498478,True,0.15935106340465577,2,0
21.582102749684317,48,D,54.21920754235285,218.79596103660634,True,0.007872497723973615,4,1
62.28904758190003,11,B,66.13711269058646,471.9312360033233,True,0.9967467068014915,1,1
8.5347464993768,46,B,54.5353430151398,241.77361133527853,True,0.5936157870102338,4,0
5.16817211686077,0,A,47.558433647093516,359.72620468256514,True,0.1441878005901035,3,0
53.1354631568148,25,D,59.64087168288357,323.328680780212,True,3.168518343315222,3,0
54.06351216101065,13,A,61.894704889246405,304.2029978776528,False,0.7542988546284627,5,1
63.742990149820656,37,B,37.72392184863008,469.95000370618175,True,0.27693113030920474,3,1
72.60913337226616,36,D,55.97400069849858,206.54701903264686,True,0.6943550520525156,1,0
97.58520794625346,10,C,57.01172742310898,399.1369058526767,False,1.1382485262732562,1,0
51.630034830119534,35,D,47.02436496640008,489.0183302640651,True,0.07930213477005081,3,1
32.2956472941246,12,C,63.75706813311619,368.05045503855257,True,0.32117517658509287,5,0
79.51861947687037,42,C,48.499444129674735,481.04673860992756,True,1.644886302350852,4,1
27.083225126207424,2,D,51.255764534715425,215.67736378580713,True,0.6155657215573472,2,1
43.89714207056361,32,C,48.2692817571613,325.63799572224843,True,0.7909301276058035,7,1
7.845638134226595,5,A,50.155790475814676,278.0473372886154,False,0.5670715168023113,0,1
2.535074341545751,49,B,39.037249131047986,419.2462894942189,True,0.04489270890015703,4,1
96.26484146779251,9,C,35.59949117405706,494.389127149174,False,0.18122189742519365,2,1
83.59801205122058,4,A,65.94505063224972,276.9590187332743,False,0.5897635674222761,3,0
69.59742060936979,22,C,41.53038651681672,396.2523804422224,True,0.234691808249024,1,1
40.89529444142699,9,B,40.08607650543693,259.42928982792205,False,0.051271219536126844,3,1
17.329432007084577,43,A,28.466098863962852,369.59907637148297,True,1.8556560463874308,1,0
15.643704267108605,1,B,43.610382523104974,339.17974600650086,False,3.9735011031952396,3,1
25.024289816459532,12,B,36.76910206592502,491.6015988894611,False,1.5757269365677424,6,0
54.92266647061205,39,A,66.4201516013637,382.55818180893993,True,1.9226766022694781,3,1
71.45959227000624,1,A,60.09817089342634,304.85191162604565,True,0.27704172270921135,2,0
66.01973767177313,19,A,43.118496548222765,234.22873546638002,True,3.234674354858788,1,0
27.993389694594285,0,D,72.52435805344308,245.37404862048038,True,0.21930804684137822,4,1
95.48652806631941,36,A,59.81765486991594,267.5950789853705,True,3.0247453182020516,4,1
73.78969166957685,8,A,46.75168616491378,275.2899984020894,False,5.262813931989295,3,1
55.43540525114007,16,A,25.00594285126427,455.1848173523414,False,1.243832781684682,1,1
61.17207462343522,8,A,72.90942572590743,368.36683648475747,False,3.970909889426446,4,0
41.96000624277899,10,C,36.10427533236404,357.0172734123099,False,0.8429003625594063,2,0
24.773098950115745,14,D,33.546012530431085,234.43066156076526,False,0.3004860724923195,4,0
35.597267865126156,23,B,60.225704320096405,458.0419080048305,False,0.5744683429928096,1,1
75.78461104643691,37,A,74.39752406339272,416.84429096254513,False,0.9003212637616178,5,0
1.4393488629755868,34,C,63.84272818510518,220.3005085700005,True,0.07588970221384388,3,1
11.607264050691624,29,C,55.639091200523595,412.3505291689306,True,0.973769603394951,1,1
4.600264202175275,30,C,55.94754341665286,363.0614652027938,False,3.9727202078753883,2,0
4.072880231897013,48,B,58.53415558780308,224.51760372403348,False,0.2108539411153337,1,1
85.54605840110072,4,A,57.589285897867654,337.49019245859694,True,1.573082436156245,5,0
70.36578593800236,43,D,52.811914239693756,345.4088861390141,True,2.3848672389512573,1,1
47.41738290873252,49,D,51.04201103951876,249.73236204898274,True,2.877089035892496,3,0
9.783416065100148,13,C,49.374068721004775,483.7094441000847,True,3.2222716944481986,2,1
49.16158751168324,10,B,42.46035411133324,454.9926114441986,False,0.7370147220569544,3,0
47.34717707805657,8,B,47.19324923133226,400.7067011987325,True,3.785738784859356,2,0
17.320186991001517,33,B,33.07043185804615,338.68866830018214,False,1.4159712237241735,5,1
43.385164923797305,11,D,49.0166037320525,323.52966247535255,False,0.17634517448085626,4,1
39.85047343973734,34,C,40.11408892849083,395.29204014528625,False,0.6479828321383203,5,0
61.585009805221645,34,A,38.964106827842286,363.62956082207165,True,1.2670232789212519,2,1
63.50936508676438,0,D,51.798941511534785,218.6819317645657,True,0.2841420999797959,3,1
4.530400977204452,39,C,63.92002286344599,353.7507946310995,False,1.0233615524613529,2,1
37.46126146264712,21,C,59.183166060023126,441.92108516985184,False,1.0984137455189629,1,0
62.58599157142364,28,A,34.29499396376823,337.77196327908746,False,0.1775725437985096,3,0
50.31362585800877,7,A,40.10371863429663,215.58697326628052,True,0.8326053877086579,1,1
85.64898411883223,10,A,59.40771187988216,435.8834598152099,False,1.476774632041396,7,1
65.8693631618945,40,B,40.175126064616904,260.40913464079233,True,0.690940945159936,6,0
16.29344270814297,36,A,47.753668500029754,277.5862504664116,False,0.012176955887700333,3,1
7.056874740042984,13,C,55.50052099024552,249.41190602968877,False,0.009079563850904285,4,0
64.24192782063156,29,A,40.31655545136365,299.06451946144927,False,0.44165619182010674,1,1
2.6511310541621813,34,C,51.0537550614596,427.0254517065905,True,2.6063161770524017,1,1
58.57755812734633,20,D,36.65974505081795,355.81575785118116,True,0.25964777096391695,2,1
94.02302414249576,36,B,43.98632356048786,261.46438224521376,False,1.00611612505522,3,0
57.5474177875879,4,D,53.19781934142537,463.34902344561226,True,0.2511262797305097,3,0
38.816992620652194,18,D,34.070062664683306,463.87455648545875,False,0.3881213685465557,1,0
64.32882184423532,13,C,54.40474737960399,461.17352751380207,True,1.8841517017541254,4,0
45.825289049151664,25,D,49.803622010733186,271.63886341446175,True,1.3051253056263972,1,1
54.56167893159349,3,C,55.524899544171475,335.3718032542964,True,0.10026162303666898,3,1
94.14648087765252,24,A,52.23914134064661,495.4968968422625,False,0.5598443507801786,3,0
38.610263780077425,44,A,63.64140429973844,431.6037428929971,True,0.029603659802252137,1,1
96.11905638239142,41,C,51.25224502647907,208.15022636766795,True,0.6556397546358057,2,1
90.53506419560637,24,A,45.70594458874747,219.56137737814763,False,1.0859942668955456,4,0
19.579113478929642,17,B,51.222975030322836,339.1794130436998,False,0.12613325343695841,2,1
6.9361300875165455,39,D,55.43298029036388,472.766061758468,False,0.34092103232703447,0,1
10.077800137742665,7,B,50.48860070325704,361.61053938581426,False,0.5072264842828503,4,0
1.8221825651549728,38,D,50.405916912038826,349.34375241028704,True,2.51988356829711,0,1
9.44429607559284,39,A,42.980083121932445,231.64210998698917,True,4.998956075902351,2,1
68.30067734163569,13,B,43.37099082449052,397.03403141728825,True,0.04595106218168274,5,1
7.118864846022898,31,A,35.97394728200307,446.63094818006766,True,1.4313248803005745,1,0
31.89756302937613,37,D,67.4957674318694,314.1260022522687,True,0.46477582430548897,5,0
84.48753109694546,32,C,37.56136764608715,432.6835552775982,False,0.4983342768841731,4,1
2.3271935735825866,22,C,43.07094802204092,489.3429961702435,True,1.4035014509953418,4,1
81.44684825889358,14,B,42.81592734430802,261.12993773830675,True,2.5062499928371724,3,1
28.185477477339994,32,A,58.949243769444415,356.9988893584224,True,3.014478786587206,6,0
11.816482762165625,24,A,47.05050321707972,286.14138742537267,False,0.8606729434454637,2,0
69.67371653641507,16,B,62.477420726737336,437.8563257101518,False,0.441799000649414,4,0
62.8942846779884,32,C,43.26509375756132,373.27800976434725,True,1.5490443095770987,2,1
87.74720135270529,46,D,52.78994162223802,390.3747252650911,False,0.2890181422787728,5,1
73.50710438038858,1,B,41.64652946740243,439.37424788476824,False,0.8302828409517735,3,1
80.34809303848486,13,D,71.45149127773388,318.7911417987365,False,0.4440684118766536,3,1
28.203457257130648,39,C,38.12401580970487,474.527020522113,False,1.0689498229877938,3,1
17.743954377972283,39,A,53.09820710227027,359.908660173842,False,0.27496186888850965,1,0
75.06147516408583,38,C,56.337768809320984,247.3864468506044,False,0.2126895672844426,3,1
80.6834739267264,5,B,54.137990974514985,408.7697354506407,False,2.503955981789687,6,1
99.05051420006733,5,A,48.147123411222914,437.97840513147634,True,0.10736661870379179,3,1
41.26176769114265,2,B,48.70179300266574,295.028503120258,True,0.7051345584098176,1,0
37.201808579278314,6,B,50.438114719791095,457.15377709962587,False,0.24955526889052512,3,1
77.64129607419969,7,C,48.529979983715116,471.8429764297299,True,0.03970799371386665,3,0
34.08035402530179,41,B,59.638791167949094,283.0713462133427,True,0.0366835056113271,2,0
93.07573256035647,14,C,72.10523001591352,495.0564418145666,False,0.19264074345832685,3,0
85.84127518430118,46,A,44.425082149921664,242.21345841462752,True,2.0156809818707226,0,0
42.89940273750184,28,C,36.301970204209226,260.604700520747,False,0.33195270666804944,8,0
75.08710677914974,32,A,49.117179516487454,255.26745177140782,False,3.0049581125357596,1,1
75.45428740846823,29,C,75.79709337654319,468.1969130023611,False,0.8713706491738638,1,1
10.31238688359326,38,D,41.963254320302696,396.28776569748857,True,0.5737906098150877,3,0
90.25529066795667,26,D,66.39116805444067,245.63128496668185,True,0.8677121011941032,2,0
50.525237244785714,35,B,66.77700814076441,332.0970255105047,True,0.7271143589950866,2,0
82.64574661077417,28,C,44.46411758292005,384.5894075209406,True,1.4220303685493483,3,1
32.00496010306117,37,C,55.689830791852756,225.039225496815,False,0.33197684839872643,4,1
89.55232284962005,32,A,66.28396623128538,464.72491052220164,False,0.4354868725226266,3,0
38.92016787341631,36,B,46.20872259012513,441.08106063246055,True,2.2452062273805207,7,1
1.083765148029836,26,C,47.964196398976384,351.5620320729914,False,2.9272611169441505,3,1
90.53819764192636,32,B,44.18319086051356,490.1379845777511,False,2.230806229197307,3,0
9.128667678613356,3,D,39.852432693071336,325.3282937825299,True,0.543775893497494,3,0
31.93136375904149,21,C,43.50722454933993,495.2330957109493,False,1.5157904915515272,5,1
95.0061967050805,1,C,37.760597332377436,400.37599964108813,True,0.6469045124116817,5,1
95.06071469375561,9,B,50.34083468259226,390.40138197618245,False,0.6882389499473696,4,1
57.34378881232861,4,C,42.30026768941358,249.7864685887355,True,0.2290108667160451,4,0
63.183721216979926,9,B,52.33785911790748,464.57832749139317,False,0.8943587635739941,2,0
44.84455219783198,32,C,34.44104353796373,328.24690637618454,False,0.20596187747433078,6,0
29.321077169806454,37,A,53.30880232214457,248.6700217347438,True,0.40281566957291837,3,1
32.8664545369916,12,B,58.33528961608925,203.7822559927277,True,1.931229845290355,2,1
67.25184560770384,30,C,30.062643574285445,367.9267050915148,True,0.23202765991310306,6,0
75.237452943768,46,D,53.74056569847572,358.2198866368029,True,0.07381693700302627,4,1
79.15790437258485,35,C,62.27668992473292,415.80608671074754,False,0.07150415706895463,3,0
78.96181427945538,44,D,37.90358981308795,467.0774159053406,False,2.826572293283546,3,1
9.120610304869036,23,D,66.72572386837703,223.82197539290885,True,0.7070847345157996,6,0
49.442030470258146,14,A,54.190190093660455,419.4489471021087,False,0.5266367498016638,4,1
5.755876001664428,28,B,42.949881442415915,256.22358322927465,True,1.665366041661833,2,1
54.95288823237355,7,C,49.44230922342294,457.4531159471492,True,1.8068279988809697,1,0
44.1530501373377,4,A,55.58326912521722,445.7190541584968,False,0.4037531240628876,3,0
88.77041827582998,28,C,50.760053914124114,362.2381264956633,False,1.1829227771663489,4,0
35.09150125520787,46,D,55.387559924463694,413.0728395869935,True,1.474569733059262,5,0
11.706701642760587,3,B,40.79326406920634,294.3050339551245,True,1.0631988723472205,6,0
14.299168205283586,11,C,51.69360824036078,341.3503696798444,True,0.1643972510280493,2,1
76.15106317174723,44,C,35.8628550309502,446.4910693131415,False,2.086531282741948,4,0
61.82180633162611,1,D,48.887739386513,337.7795591519642,False,0.7745623605709238,4,0
10.112267612279025,26,C,40.960923585352106,307.33947959763253,False,0.3319439019404437,0,0
8.410680611499743,30,C,42.64470057410233,348.26373417509,False,0.5537821611877681,4,0
70.096913145912,35,D,62.36093175210438,448.47477573116555,True,0.038295075702702276,5,0
7.276300636419353,35,A,60.91310120594269,300.56241421126185,True,0.136813115846664,2,1
82.18600592903562,25,D,56.09138120907177,252.12847794072314,True,1.4504990735121404,5,0
70.62422271564962,42,A,39.07687235327421,413.60420609923426,True,1.1634823050432323e-05,4,0
8.134878064189976,26,B,46.83591550305198,447.79346381242453,True,0.538823650213271,5,0
8.483771408519193,4,A,62.130976999791834,230.19124355706,True,0.7392124409338731,2,1
98.66395785011754,19,A,51.417169136399046,271.9622338267834,False,0.056183569156496915,2,1
37.427079575612034,10,B,73.19329539981695,242.59159692829817,False,3.6148175362787756,0,0
37.06421470668909,9,A,53.93317839394372,304.38242347464995,True,0.2563453451831128,4,0
81.27995672575025,39,D,51.92049116490031,335.1052936716238,True,0.3626911761341702,1,1
94.72485773838586,37,A,46.908835357974986,424.64790108899194,False,0.3623230247239586,2,1
98.6001063822871,5,B,51.33540904782282,395.34427546450223,False,0.26190603022539466,3,1
75.33781852589416,7,D,48.47530163619456,386.2785702435293,False,0.001474909230385058,2,0
37.62595855309158,22,B,57.0810867668859,305.7124839828963,False,1.3069095710746874,2,0
8.350071669866876,46,B,59.56702316794584,452.434265925428,True,3.406576818902749,1,1
77.71469159274368,25,C,42.140105394920504,341.3861502194494,True,0.253981030444211,3,0
55.840424973580504,45,C,36.68767046442222,493.73148140454634,True,1.0878123934605872,4,1
42.42220092469763,42,B,31.637946268967035,390.24264148872106,True,1.354393941280624,6,1
90.6354385094736,11,B,55.079913269125434,237.87942246935083,True,1.8866772280370347,3,1
11.119748230615134,25,B,38.966333938261265,402.8532686226302,False,0.5492705793872256,2,0
49.262510429085914,12,C,28.47109407047517,297.5312046295097,True,0.3608707420593492,3,1
1.1353644767419069,39,C,53.885786045309644,405.89815900582926,False,0.3934799193146354,1,1
46.86606419941263,17,A,74.9299951743279,220.89234444872173,True,1.2469545359924232,2,0
5.630327568183735,24,A,49.939290884601064,252.46443115278782,True,1.697064750630053,1,1
11.881791626807193,32,B,58.38490774451642,456.7211776717359,True,0.20042113164163983,3,0
11.752624677710488,46,D,50.81829358547565,268.15386710705445,True,0.4635302399667804,4,1
64.92103021160635,39,D,49.01110346808857,451.112337572882,True,2.322177749177033,2,0
74.60448792654233,42,C,59.190764829877686,283.7828265363231,False,1.6434783687293708,2,1
58.336876509715964,11,C,47.097254558113484,392.8645730176123,False,4.190309538682376,3,1
96.21725484745419,43,C,52.673923140719026,408.24517205294933,False,1.4034334383200409,2,1
37.48705795237041,35,B,53.216978061960134,353.7964259435159,True,0.4995481228836644,2,1
28.571208628186074,47,D,43.31909546356951,291.59320300901936,True,0.893155023299958,3,1
86.85991281894603,3,A,59.92042349536523,263.7933129113288,False,1.0817972204129243,1,0
22.359583851945263,4,B,48.25040243304591,209.95680636872785,True,0.08170455545483112,6,0
96.32225394406113,36,A,42.442548405071555,291.18392037221713,True,0.7863528863524105,2,1
1.2154474689816341,7,A,55.365098435704034,395.9488371593849,False,1.2355351233568277,2,1
96.98788267076391,41,B,41.015320182089624,481.4914455345448,True,0.18310743031294469,2,1
4.315991195057611,48,A,50.281811573691286,461.3613446789156,False,1.5170033059741117,4,0
89.11431136980711,27,D,49.90881003355796,429.8194329605908,True,0.8765239671469428,1,0
52.77011090862999,30,A,60.85895565831578,436.5342029759896,False,3.041185511110514,2,1
99.29647961193004,8,D,54.746982328799525,399.4954710427986,True,0.0433484105221125,4,0
7.379656473539886,28,D,49.74973041254856,278.0860572698009,True,0.308328602809438,3,1
55.38542844013208,13,D,58.17766299200287,472.15850921174894,False,0.9201829951622438,3,1
96.9302535619099,39,C,63.90207549017313,401.2196935717502,True,0.3517725691046352,3,1
52.30978441701488,40,A,55.578103063518626,368.132189294132,True,1.253247660188759,6,0
62.93986381352625,21,B,50.103526198433805,233.2968407640443,False,1.4229802649098477,3,1
69.57486889846172,10,B,36.8816376764984,334.11666314192763,True,0.10815994603859408,3,1
45.454106476777326,22,A,39.348863369246274,338.1074813605779,False,0.7212472435450759,1,1
62.75580800840635,0,C,46.94775295645332,459.369082856801,True,0.7110882749898155,2,0
58.43143119231002,45,C,43.90487797840717,363.99446605633653,True,0.46089447618725676,4,0
90.11580104909889,36,D,48.13028697014554,314.1201646911229,True,2.7019418337671754,3,0
4.5446380341457875,20,A,50.56649924897107,493.0400985531978,True,1.7573946801280818,3,1
28.096318959223034,25,A,55.29692754356731,233.2161779978947,False,1.1947137417483797,2,0
95.04114840765587,45,B,49.29501221940909,326.7645284935834,True,1.2529062038255496,3,1
89.02637838909163,35,A,54.86501643826202,212.6074025514216,False,0.6193692442292759,1,0
45.56567527857129,22,C,50.6447441481012,421.9712362300791,True,2.5382380757120377,2,1
62.013259780153675,0,A,30.245334336461287,475.4229656597452,True,1.186117913334209,2,0
27.738118298113267,39,B,40.606646061812455,284.0111988651468,True,1.3055665773552831,3,1
18.81211597237613,14,D,48.55912444278385,457.50250303973627,True,1.9782642708715719,5,0
46.36984049399822,20,B,37.90305257158892,287.66546913856934,False,0.3203038769287745,3,0
35.33522280260528,46,B,55.99928729996205,473.23104849317457,False,1.645432535124599,6,0
58.365611185087204,8,D,65.30750832343698,426.18857107903517,False,0.21721193189903326,2,1
7.773463696498483,8,B,62.18761851697317,441.4720330524316,False,0.4236422441660145,5,0
97.43948076661665,9,B,47.86557129069792,205.40196668013635,True,0.40888663627022787,6,0
98.62107444796028,25,A,64.90726136849952,488.8431071222078,False,3.8408876222526156,6,0
